<Users>
    <User>
	<UserName>Adil</UserName>
        <UserEmail>adil@mf.com</UserEmail>
        <UserPassword>
            BA56E5E0366D003E98EA1C7F04ABF8FCB3753889
        </UserPassword>
	<UserAddress>Muster Straße 548, Ingolstadt</UserAddress>
    </User>
    <User>
        <UserName>Kin</UserName>
        <UserEmail>Kin@mf.com</UserEmail>
        <UserPassword>
            BA56E5E0366D003E98EA1C7F04ABF8FCB3753889
        </UserPassword>
	<UserAddress>Muster Straße 548, Mainz</UserAddress>
    </User>
</Users>
